prompt,output
Where is Machu Picchu located?,"Machu Picchu is nestled in the Andes Mountains in Peru, specifically in the province of Urubamba, Cusco region. It's northeast of the city of Cusco."
What is the climate like in Machu Picchu?,"Oh, Machu Picchu has a bit of everything! It's in the jungle, so the climate is cool and warm, depending on the season. During the dry season, get ready for some sunny days."
In what year was Machu Picchu named wonder of the world?,It earned that prestigious title for its breathtaking beauty and incredible archaeological construction. The exact year it got this recognition is 2007. 
Why was Machu Picchu built?,"he real reason is a bit mysterious, but many believe it served as a royal retreat center where emperors relaxed, hunted, and entertained guests."
Who built Machu Picchu?,"Machu Picchu was a masterpiece of the Inca civilization. The construction was ordered during the Inca expansion, and it took the effort of many hands to build this incredible site."
At what altitude is Machu Picchu built?,"You'll be exploring Machu Picchu at an altitude of 2,400 meters. It sits on top of its namesake mountain, offering a spectacular view of the surrounding subtropical landscape."
How much luggage are you allowed to take on the train to Machu Picchu?,"Keep it light! In PeruRail, your luggage should be around 5 kilos, and for IncaRail, aim for about 8 kilos. So, pack wisely for your adventure!"
How many circuits are there to visit Machu Picchu?,"There are five circuits to explore, each offering a unique perspective of this ancient wonder. You've got about 2 hours for the visit, and once you leave, there's no turning back."
Is a guide required to visit Machu Picchu?,"It's totally up to you! If you're up for an adventure, you can explore on your own. But hiring a local guide can add a fascinating layer of history and insight to your visit."
What is the best time to get to Machu Picchu?,"Both the dry and rainy seasons have their charm, but most visitors prefer the dry season. Imagine a clear sunrise illuminating the 7th wonder of the world—stunning!"
What is the maximum limit of visitors to Machu Picchu?,"Peru set a daily cap of 4,044 visits. If you're eyeing Huayna Picchu, there are only 200 tickets available per day. So, plan accordingly!"
What are the restrictions in Machu Picchu?,"Respect is key! Large backpacks, illegal substances, and loud noises are a no-go. Check out the full list at [prohibiciones](https://www.machupicchu.gob.pe/prohibiciones/) to ensure a smooth visit."
How far in advance should I book Machu Picchu?,"If you're going solo, you can be a bit spontaneous. But if you're eyeing that mountain climb, especially in high season, booking early is the way to go. "
What are the different ways to get to Machu Picchu?,"Whether you're interested in hiking the Inca Trail, taking a scenic train ride, or exploring alternative routes, there are various ways to reach Machu Picchu. What suits your adventure style?"
Are there accommodations near Machu Picchu?,"What's the lodging situation like? Are there hotels or guesthouses nearby, and do you recommend staying in Aguas Calientes, the town closest to Machu Picchu?"
Can you tell me more about the significance of the Intihuatana Stone at Machu Picchu?,"I've heard about the Intihuatana Stone. What makes it so special, and what role did it play in Inca culture?"
Is it possible to visit Machu Picchu on a day trip?,"If time is tight, is it feasible to do a day trip to Machu Picchu, or would you recommend spending more time exploring the surrounding areas?"
What are the must-have items to bring when visiting Machu Picchu?,"From essentials like water and comfortable shoes to other useful items, what would you recommend packing for a day at Machu Picchu?"
Can you provide some insight into the best spots for photography at Machu Picchu?,Photography enthusiasts often seek out the best vantage points. Where would you recommend capturing the most stunning shots of Machu Picchu?
Tell me more about the train journey to Machu Picchu. What should I expect?,"For those taking the train, what's the journey like? Are there different train options, and do you have any tips for a scenic ride?"
Is there a specific time of day when Machu Picchu is less crowded?,"Given its popularity, is there a time of day when Machu Picchu tends to be less crowded, allowing for a more serene experience?"
Can you explain the significance of the agricultural terraces at Machu Picchu?,"I've heard about the impressive agricultural terraces. How did the Incas utilize them, and what purpose do they serve in the overall design of Machu Picchu?"
What wildlife can be encountered around Machu Picchu?,Are there opportunities to spot unique wildlife in the area surrounding Machu Picchu? Any notable flora and fauna that visitors should keep an eye out for?
Are there any special events or festivals held at Machu Picchu throughout the year?,I'm curious if there are any cultural events or festivals that take place at Machu Picchu. Is there a particular time of year when these celebrations occur?
"Tell me about the famous Sun Gate (Inti Punku). How can I reach it, and what's the view like?","I've heard about the Sun Gate and its significance. How do I reach it, and what kind of view can I expect from this vantage point overlooking Machu Picchu?"
"Can you explore Machu Picchu without hiking, or is trekking required?","Yes, you can explore Machu Picchu without hiking by taking a train to Aguas Calientes and then a bus up to the site."
What is the significance of the Temple of the Condor at Machu Picchu?,"The Temple of the Condor is believed to have been a place of ceremonial significance, representing the condor, a sacred bird in Inca culture."
Are there any special ceremonies or rituals held at Machu Picchu today?,"While there are no regular ceremonies, occasionally, special events or rituals are organized to honor the site's cultural and historical importance."
Tell me more about the Inca Bridge. What's its history and purpose?,"The Inca Bridge was a secret entrance for the Inca army and a part of the extensive network of trails. Today, it's a unique feature for visitors to explore."
What languages are spoken by the guides at Machu Picchu?,"Guides at Machu Picchu are often bilingual, speaking English and Spanish. Some may also speak other languages depending on the tour agency."
Can you recommend any books or documentaries about Machu Picchu for further learning?,"Certainly! ""Turn Right at Machu Picchu"" by Mark Adams and ""The Lost City of the Incas"" by Hiram Bingham are great books. The documentary ""The Great Inca Rebellion"" is also insightful."
Are there any restrictions on the types of clothing visitors should wear at Machu Picchu?,"There are no specific dress codes, but comfortable clothing and sturdy, non-slip shoes are recommended, especially if you plan to explore the site extensively."
"Is it possible to visit Machu Picchu during the rainy season, and what precautions should be taken?","Yes, it's possible. Bring waterproof clothing, sturdy footwear, and be prepared for occasional rain. The landscape is lush during this time."
Are there any volunteer or conservation programs at Machu Picchu that visitors can participate in?,Various organizations offer volunteer programs focusing on conservation efforts and community engagement. Check with local agencies for opportunities.
"Can I visit Machu Picchu with children, and are there any age restrictions?","Yes, children are welcome. There are no specific age restrictions, but keep in mind the physical demands of exploring the site."
What's the best way to acclimate to the high altitude before visiting Machu Picchu?,Spend a few days in Cusco or other high-altitude locations to acclimate to the thinner air before venturing to Machu Picchu.
Tell me about the flora and fauna surrounding Machu Picchu.,"The area is rich in biodiversity with orchids, ferns, and wildlife like spectacled bears, hummingbirds, and the Andean condor."
"Is camping allowed at Machu Picchu, and are there designated camping areas?","Camping is not allowed within the archaeological site. However, there are designated camping areas in the surrounding Machu Picchu Historical Sanctuary."
How long does it take to explore Machu Picchu thoroughly?,"The recommended time is around 4-5 hours, but it depends on your pace and interest in exploring specific areas."
What measures are in place to preserve Machu Picchu from environmental impact?,"Strict regulations control visitor numbers, and guidelines are in place to minimize environmental impact and preserve the site's integrity."
Are there any discounts available for students or senior citizens visiting Machu Picchu?,"Yes, there are often discounts for students and senior citizens. Ensure you have valid identification to avail of these discounts."
"Can you share tips for taking the best photos at Machu Picchu, especially during peak hours?",Arrive early or stay late for fewer crowds. Explore less-visited areas and capture the magic of Machu Picchu during different lighting conditions.
"Are there specific opening hours for Machu Picchu, and is it open year-round?",Machu Picchu is open year-round. The standard visiting hours are from 6:00 AM to 5:30 PM.
Can you recommend any local restaurants or eateries in Aguas Calientes for a post-Machu Picchu meal?,"Sure! Some popular options include Indio Feliz, Toto's House, and Tree House Restaurante. They offer a mix of local and international cuisine."
What are the best vantage points for sunrise and sunset views at Machu Picchu?,"The Sun Gate (Inti Punku) and the Caretaker's Hut offer spectacular views for sunrise, while the terraces provide a serene spot for sunset."
Tell me about any guided stargazing experiences available near Machu Picchu.,"Some tour operators offer guided stargazing experiences near Machu Picchu, providing a unique perspective on the night sky in the Andes."
"Are there any specific regulations for visiting Huayna Picchu, and what's the experience like?","Access to Huayna Picchu is limited, and additional tickets are required. It offers a challenging climb with stunning panoramic views of Machu Pic"
What's the best way to purchase tickets for Machu Picchu in advance?,For the moment It's uncertainty
"Can you explore Machu Picchu independently, or is it recommended to join a guided tour?","Both options are available. You can explore independently, but a guided tour can provide in-depth insights into the history and significance of the site."
Tell me about the significance of the Main Plaza at Machu Picchu.,"The Main Plaza served as a ceremonial and administrative hub, where important events and gatherings took place in the heart of Machu Picchu."
How are the llamas and alpacas at Machu Picchu cared for and managed?,"Llamas and alpacas at Machu Picchu are part of a program to help maintain the site's vegetation, and they are cared for by trained handlers."
What are the benefits of visiting Machu Picchu with a local tour guide?,"Local guides provide historical context, cultural insights, and navigate visitors through less crowded areas, enhancing the overall experience."
Can you recommend any lesser-known trails or routes for hiking around Machu Picchu?,"Trails like the Salkantay Trek or the Lares Trek offer alternative routes with fewer crowds, providing a more intimate experience with nature and history."
"What is the process for obtaining permits to hike the Inca Trail, and are there limitations on daily hikers?","Permits are required, and it's advisable to book several months in advance. The daily limit for Inca Trail hikers is regulated to preserve the trail."
Are there any restrictions on bringing food or snacks into Machu Picchu?,"While you can bring snacks, it's essential to carry out any wrappers or waste. Large quantities of food are generally discouraged to maintain site cleanliness."
"Are there any special events or celebrations on June 24th, Inti Raymi, near Machu Picchu?","Inti Raymi, the Inca Festival of the Sun, is celebrated in Cusco, and visitors can witness traditional ceremonies and parades during this time."
Tell me about the climate variations between the dry and rainy seasons at Machu Picchu.,"The dry season (May to October) offers clear skies and less rainfall, making it a popular time to visit. The rainy season (November to April) brings lush landscapes."
Are there any legends or myths associated with the construction of Machu Picchu?,"While not confirmed, local legends suggest Machu Picchu was a royal estate or sacred site, and its construction is often linked to Inca mythology."
Can you recommend any cultural experiences or interactions with local communities near Machu Picchu?,Explore nearby villages like Ollantaytambo or engage in community-based tourism programs to experience the local culture and traditions.
What are the options for exploring Machu Picchu with limited mobility?,"While some areas may be challenging, the main plaza and terraces are accessible. Consider hiring a local guide for assistance and alternative routes."
Tell me about the geological features and rock formations at Machu Picchu.,"Machu Picchu is surrounded by impressive granite peaks, and the intricate stonework of structures showcases the Incas' mastery of rock carving."
What are the transportation options from Aguas Calientes to the entrance of Machu Picchu for those not taking the bus?,"Walking is an option, and there's also a shuttle service for a portion of the journey. It's a scenic route offering views of the surrounding landscape."
Can you share any recommendations for sustainable and responsible tourism practices at Machu Picchu?,"Support local businesses, minimize waste, and follow responsible tourism guidelines to ensure the preservation of Machu Picchu for future generations."
Tell me about any recent archaeological discoveries or findings in the Machu Picchu region.,"Ongoing research continues to uncover hidden chambers and structures, providing new insights into the site's complexity and the Inca civilization's achievements."
What are the admission times to Machu Picchu?,A: Machu Picchu is open to visitors daily from 6:00 to 17:30. Plan your visit within this timeframe.
How many tickets are issued per day during the high season?,"A: In the high season, the capacity is extended to 5600 tickets per day. Secure your tickets in advance due to limited availability."
How long can I stay inside Machu Picchu?,A: The visit duration is generally limited to a maximum of 2.5 hours. Plan your exploration accordingly.
Are there specific routes to explore Machu Picchu?,"A: Yes, there are 4 official routes with capacity limits. Routes may change based on resolutions by the Ministry of Culture. Choose a suitable route based on the map."
Tell me about the surrounding mountain peaks.,A: Tickets allow visits to surrounding peaks with limited access via specific routes through the citadel. Details are available during ticket purchase.
"Can I visit Huchuy Picchu, and how challenging is the hike?","A: Yes, Huchuy Picchu is near the Sacred Rock and offers a shorter, easier hike, approximately 15 minutes, suitable for less experienced travelers."
"When is the high season, and what dates are included?","A: High season may include July 27 & 28, Christmas, and New Year's Eve, but specific dates are not defined yet. Plan accordingly based on past experiences."
What personal details are needed to buy tickets?,"A: Personal data is required for tickets and is non-transferable or refundable. Details include name, date of birth, and passport information."
Can children under 3 years old enter for free?,"A: Yes, children under 3 years of age do not have to pay admission."
 What's the price reduction for children and students?,A: Reduced prices apply to children/teenagers up to 17 years. Students up to 25 years receive a discount with a valid student ID.
How long does it take to hike Machu Picchu Mountain?,"A: It takes about 90 minutes, depending on your pace. The hike involves stairs, so a good physical condition and sturdy shoes are recommended."
Are there specific rules for visitors during the hike?,"A: Yes, follow fixed routes through the facility with limited capacities. Check the latest resolutions for any changes to routes and rules."
Is it necessary to have a tour guide for the visit?,"It is recommended, especially on your first visit. For groups under 10, one or more guides are required. One guide per 10 guests is mandatory."
What is the maximum time limit for visiting Machu Picchu?,The maximum time limit of 3 hours does not apply to all routes. Check the specific route details for accurate time limits.
Can I leave and re-enter the citadel with the same ticket?,"Generally, no. The entry ticket allows for a single entry, with exceptions for specific tickets allowing a longer visit."
How many circuits and alternative routes are there?,Three new circuits and four alternative routes have been announced. Stay updated on the latest information for the most accurate details.
How many days in advance should tickets be bought?,"Due to limited visitors, it's recommended to buy tickets at least 40 days in advance."
Can I visit both Machu Picchu Mountain and Wayna Picchu in one day?,"Yes, with the Machu Picchu Mountain ticket, you can complete the short tour along Route 3 after visiting the mountain."
Is it possible to choose specific entry time slots when purchasing tickets?,"Yes, when purchasing admission tickets, select a fixed time slot of 60 minutes for entry."
What is the recommended route for a comprehensive visit?,Routes 1 or 2 are usually recommended for a more extensive visit. There are 9 entry time slots of 60 minutes each with limited visitors.
What is the duration of the Wayna Picchu hike?,"The Wayna Picchu ascent takes around 45 - 60 minutes, offering a fantastic view of Machu Picchu and the surrounding mountains."
Can I visit Machu Picchu Mountain and Wayna Picchu on the same day?,"Yes, but access is via Route 4. After the descent, exit along the same route."
What are the opening hours for the Inca Trail?,Peak season for the Inca Trail is during the dry season from May to September. Booking well in advance is advisable.
How many visitors are allowed on the Inca Trail daily?,"The Inca Trail entrances have a daily limit of 500 visitors, including both tourists and trekking staff."
What is the recommended booking time for the Inca Trail?,"Reservations should be made well in advance, preferably 3-4 months before the desired trekking date."
What information is required for Inca Trail booking?,"Comprehensive information, including full names, citizenship, date and place of birth, and passport numbers, is needed for Inca Trail booking."
Is there a discount for students on the Inca Trail?,"Yes, students up to 25 years receive a discount on the presentation of a valid student ID. An ISIC student ID is not sufficient."
What is the duration of the 2-day Inca Trail hike?,The 2-day Inca Trail includes a section of the famous trail on the first day and a visit along Route 5 within Machu Picchu on the second day.
Are there any restrictions during the rainy season on the Inca Trail?,"Yes, the Inca Trail is closed for maintenance and during the rainy season in February."
What happens if I have purchased tickets before new routes are implemented?,Authorities will apply the most suitable option for visitors who purchased tickets before the introduction of new routes.
Can I change the entry time slot after the ticket has been issued?,"No, the entry time slot cannot be changed after the ticket has been issued."
What is the route for the lower short tour (Route 3)?,"Route 3 is the shortest route, leading through the lower sector past the Temple of the Sun, to the house of the Inca, and back to the exit."
Are there any specific restrictions for those with reduced mobility?,"Travelers with reduced mobility can decide on the route based on their abilities, with guidance from the guide."
How does the Route 5 (applies to the 2-day Inca Trail) work?,"Route 5 is similar to Route 3 and leads directly to the lower sector via Agricultural Terraces, past the Sun Temple, to the House of the Inca."
Is there a daily limit for last-minute tickets in Aguas Calientes?,"Yes, a daily quota of 1000 last-minute tickets for Aguas Calientes is available for purchase online at https://tuboleto.cultura.pe."
Can I revisit the citadel on the same day without an additional ticket?,"No, if you want a more comprehensive visit or specific routes, you need to purchase an additional entrance ticket for that day."
What personal information is no longer required for overnight stays in Aguas Calientes?,"Starting from January 20, 2024, travelers no longer need to spend the night in Aguas Calientes to manually register personal information."
What is the significance of Huchuy Picchu compared to Wayna Picchu?,"Huchuy Picchu is like the little brother of Wayna Picchu, located near the Sacred Rock. The hike is easier and shorter, suitable for less experienced travelers."
How does the 2-day Inca Trail differ from the classic Inca Trail?,The 2-day Inca Trail includes a section of the famous trail on the first day but does not end in Machu Picchu like the classic Inca Trail. It follows Route 5 within Machu Picchu on the second day.
Can I access Machu Picchu Mountain directly via Routes 1/2?,"Yes, you can access Machu Picchu Mountain directly via the first part of Routes 1/2 to the control point. However, exit must be along the same path."
Are there specific restrictions for the Inca Bridge route?,The Inca Bridge route has limited stairs and is suitable for people with reduced mobility. The hike includes a section to the guard house with decisions made alongside the guide.
How does the reduced price for children apply to different routes?,"The reduced price for children applies to most routes, but exceptions are tickets for Wayna Picchu, Machu Picchu Mountain, and Huchuy Picchu, which allow for longer entry."
What is the maximum group size allowed for guided tours?,"For groups of 10 travelers or less, one or more accompanying guide(s) are required. One guide must accompany the group for every 10 guests. Larger groups are not allowed."
Is there an age limit for the reduced price for children?,The reduced price applies to children and teenagers up to the age of 17. Students up to 25 years of age receive a discount with a valid student ID.
What is the significance of the Three Gates (No. 9 on the map) along Route 5?,"The Three Gates are part of Route 5 and contribute to the exploration of the citadel. The route leads to the lower sector via Agricultural Terraces, past the Sun Temple, and around to the exit."
How does the permit allocation work for the Inca Trail?,"The permit allocation follows a first-come, first-served (FIFO) basis, so early booking, preferably 3-4 months in advance, is essential. The 4-day/3-night trek is the most popular option."
Are there any changes allowed in names or passport numbers for Inca Trail tickets?,Changes in names or passport numbers are not accepted by the authorities in Cusco for Inca Trail tickets. Ensure accurate information when making reservations.
What happens if I've obtained a new passport after Inca Trail booking?,"If a new passport has been obtained, presenting the old passport or a notarized copy is necessary at the trail's access control station. Ensure you have the required documentation."
How does the 2-day Inca Trail differ from the classic Inca Trail?,The 2-day Inca Trail includes a section of the famous trail on the first day but does not end in Machu Picchu like the classic Inca Trail. It follows Route 5 within Machu Picchu on the second day.
What is the significance of the Inca Bridge route?,"The Inca Bridge route is the shortest, suitable for people with reduced mobility. It leads over agricultural terraces directly into the lower sector, offering a limited part of the citadel."
Can I leave and re-enter the citadel with the same ticket on Route 5?,"Yes, with the ticket for Machu Picchu Mountain for visiting Route 3, you can re-enter the facility to complete the short tour along Route 3. Ensure you have the appropriate ticket."
How does the booking process for the Inca Trail work during peak season?,"Peak season for the Inca Trail is during the dry season from May to September. Book well in advance, providing comprehensive information for all passengers, to secure your spot."
What should I consider for hiking Machu Picchu Mountain?,"Due to the narrow and exposed path, this hike is recommended for experienced and sure-footed hikers. Sturdy shoes are highly recommended for the Machu Picchu Mountain route."
Can I purchase tickets for the Inca Trail last minute in Aguas Calientes?,Last-minute tickets for Aguas Calientes are available exclusively through the online platform at https://tuboleto.cultura.pe. Plan accordingly as there is a daily quota of 1000 tickets.
How does the entry ticket time slot selection work?,"When purchasing the admission ticket, a fixed time slot of 60 minutes must be selected for admission. Ensure you choose a suitable time for your visit."
What are the options for travelers with reduced mobility at Machu Picchu?,"Travelers with reduced mobility can walk along the route to the guard house and decide with the guide whether to continue along the circuit, go to the lower part of Route 2, or end the visit and go to the exit."
